[{"id":"TASK-21","content":"Refine global theme (colors, typography, glassmorphism) in index.css","status":"pending","priority":"high"},{"id":"TASK-22","content":"Enhance DashboardLayout with premium sidebar and header","status":"pending","priority":"high"},{"id":"TASK-23","content":"Upgrade AIConsole with better chat UI and animations","status":"pending","priority":"medium"},{"id":"TASK-24","content":"Redesign SystemMonitor with premium charts","status":"pending","priority":"medium"},{"id":"TASK-25","content":"Redesign BotManager and FileExplorer tables","status":"pending","priority":"medium"},{"id":"TASK-26","content":"Redesign CryptoTools and BlockchainExplorer cards","status":"pending","priority":"medium"},{"id":"TASK-27","content":"Add entry animations (Framer Motion) to all components","status":"pending","priority":"high"}]